TYPE,Name,MW_1,MW_2,MW_3,MW_4,MW_5,MW_6,MW_7,MW_8,MW_9,MW_10,MW_11,MW_12,MW_13,MW_14,MW_15,MW_16,MW_17,MW_18,MW_19,MW_20,MW_21,MW_22,MW_23,MW_24,MW_25,MW_26,MW_27,MW_28,MW_29,MW_30,MW_31,MW_32,MW_33,MW_34,MW_35,MW_36,MW_37,MW_38,MW_39,MW_40,MW_41,MW_42,MW_43,MW_44,MW_45,MW_46,MW_47,MW_48,MW_49,MW_50,MW_51,MW_52,MW_53,MW_54,MW_55,MW_56,MW_57,MW_58,MW_59,MW_60,MW_61,MW_62,MW_63,MW_64,MW_65,MW_66,MW_67,MW_68,MW_69,MW_70,MW_71,MW_72,MW_73,MW_74,MW_75,MW_76,MW_77,MW_78,MW_79,MW_80,MW_81,MW_82,MW_83,MW_84,MW_85,MW_86,MW_87,MW_88,MW_89,MW_90,MW_91,MW_92,MW_93,MW_94,MW_95,MW_96,MW_97,MW_98,MW_99,MW_100,MW_101,MW_102,MW_103,MW_104,MW_105,MW_106,MW_107,MW_108,MW_109,MW_110,MW_111,MW_112,MW_113,MW_114,MW_115,MW_116,MW_117,MW_118,MW_119,MW_120,MW_121,MW_122,MW_123,MW_124,MW_125,MW_126,MW_127,MW_128,MW_129,MW_130,MW_131,MW_132,MW_133,MW_134,MW_135,MW_136,MW_137,MW_138,MW_139,MW_140,MW_141,MW_142,MW_143,MW_144,MW_145,MW_146,MW_147,MW_148,MW_149,MW_150,MW_151,MW_152,MW_153,MW_154,MW_155,MW_156,MW_157,MW_158,MW_159,MW_160,MW_161,MW_162,MW_163,MW_164,MW_165,MW_166,MW_167,MW_168,MW_169,MW_170,MW_171,MW_172,MW_173,MW_174,MW_175,MW_176,MW_177,MW_178,MW_179,MW_180,MW_181,MW_182,MW_183,MW_184,MW_185,MW_186,MW_187,MW_188,MW_189,MW_190,MW_191,MW_192,MW_193,MW_194,MW_195,MW_196,MW_197,MW_198,MW_199,MW_200,MW_201,MW_202,MW_203,MW_204,MW_205,MW_206,MW_207,MW_208,MW_209,MW_210,MW_211,MW_212,MW_213,MW_214,MW_215,MW_216,MW_217,MW_218,MW_219,MW_220,MW_221,MW_222,MW_223,MW_224,MW_225,MW_226,MW_227,MW_228,MW_229,MW_230,MW_231,MW_232,MW_233,MW_234,MW_235,MW_236,MW_237,MW_238,MW_239,MW_240,MW_241,MW_242,MW_243,MW_244,MW_245,MW_246,MW_247,MW_248,MW_249,MW_250,MW_251,MW_252,MW_253,MW_254,MW_255,MW_256,MW_257,MW_258,MW_259,MW_260,MW_261,MW_262,MW_263,MW_264,MW_265,MW_266,MW_267,MW_268,MW_269,MW_270,MW_271,MW_272,MW_273,MW_274,MW_275,MW_276,MW_277,MW_278,MW_279,MW_280,MW_281,MW_282,MW_283,MW_284,MW_285,MW_286,MW_287,MW_288,
SOLAR,BARCSF1,0,0,0,0,0,0,0,0,0,0,0,0,0,0,0,0,0,0,0,0,0,0,0,0,0,0,0,0,0,0,0,0,0,0,0,0,0,0,0,0,0,0,0,0,0,0,0,0,0,0,0,0,0,0,0,0,0,0,0,0,0,0,0,0,0,0,0,0,0,0,0,0.2,0.3,0.5,0.7,1,1.4,1.6,2,2.6,3,2.8,3.2,4,4.7,5.3,5.7,6,6.2,6.4,6.7,6.7,6.7,6.7,6.7,6.7,6.7,6.7,6.7,6.7,6.7,6.9,6.9,6.9,6.9,6.9,6.8,6.8,6.8,6.6,6.9,6.9,6.7,6.7,6.7,6.7,6.7,6.7,6.7,6.9,6.9,6.7,6.9,6.6,6.6,6.6,6.6,6.8,6.8,6.8,6.6,6.6,6.6,6.8,6.6,6.6,6.8,6.6,6.8,6.8,6.6,6.6,6.8,6.8,6.6,6.6,6.8,6.6,6.8,6.8,6.8,6.6,6.8,6.8,6.8,6.5,6.7,6.7,6.7,6.7,6.7,6.7,6.7,6.4,6.8,6.8,6.8,6.6,6.6,6.8,6.8,6.6,6.6,6.6,6.6,6.6,6.6,6.6,6.6,6.6,6.6,6.6,6.6,6.6,6.6,6.6,6.6,6.6,6.4,6.2,5.6,1.6,6.2,3,5.3,5.5,2.4,3.2,6.2,3.9,1.9,5.9,2.3,5.7,3.6,1.4,2.4,1.2,1.9,2.3,1.1,1.3,1.2,1.6,1.2,0.8,1,0.4,0.4,0.1,0.1,0.1,0.1,0.1,0.1,0.1,0.1,0.1,0.1,0.1,0.1,0.1,0.1,0.1,0.1,0.1,0.1,0.1,0.1,0.1,0.1,0.1,0.1,0.1,0.1,0.1,0.1,0.1,0.1,0.1,0.1,0.1,0.1,0.1,0.1,0.1,0.1,0.1,0.1,0.1,0.1,0.1,0.1,0.1,0.1,0.1,0.1,0.1,0.1,0.1,0.1,0.1,0.1,0.1,0.1,0.1,0.1,0.1,0.1,0.1,0.1,0.1,0.1,0.1,0.1,0.1,0.1,0.1,
SOLAR,GRIFSF1,0.001526,0.001526,0.001526,0.001526,0.001526,0.001526,0.001526,0.001526,0.001526,0.001526,0.001526,0.001526,0.001526,0.001526,0.001526,0.001526,0.001526,0.001526,0.001526,0.001526,0.001526,0.001526,0.001526,0.001526,0.001526,0.001526,0.001526,0.001526,0.001526,0.001526,0.001526,0.001526,0.001526,0.001526,0.001526,0.001526,0.001526,0.001526,0.001526,0.001526,0.001526,0.001526,0.001526,0.001526,0.001526,0.001526,0.001526,0.001526,0.001526,0.001526,0.001526,0.001526,0.001526,0.001526,0.001526,0.001526,0.001526,0.001526,0.001526,0.001526,0.001526,0.001526,0.001526,0.001526,0.001526,0.099184,0.199893,0.401312,0.59968,0.700389,0.999466,1.399252,1.799039,2.299535,3.00145,5.400168,6.498817,7.899596,6.30045,5.500877,4.100099,3.801022,4.399176,4.798963,6.700236,14.29923,20.5005,19.20043,18.69993,23.60113,25.70077,24.00092,25.99985,26.29892,26.90013,26.29892,25.79843,27.0985,27.0985,27.0985,27.0985,27.0985,27.59899,27.0985,27.0985,19.20043,22.60014,27.0985,27.0985,26.90013,27.0985,27.0985,27.0985,27.0985,27.0985,27.0985,27.0985,27.0985,12.70008,25.70077,27.0985,27.0985,27.0985,27.0985,27.0985,27.0985,27.0985,27.0985,27.0985,27.0985,27.0985,27.0985,27.0985,27.0985,27.0985,27.0985,27.0985,27.0985,27.0985,27.0985,27.0985,27.0985,27.0985,27.0985,27.0985,27.0985,27.0985,27.0985,27.0985,27.0985,27.0985,27.0985,27.0985,27.0985,27.0985,27.0985,27.0985,27.0985,26.19822,27.0985,27.0985,27.0985,27.0985,27.0985,27.0985,27.0985,27.0985,27.0985,27.0985,27.0985,27.0985,27.0985,27.0985,27.0985,26.90013,27.0985,27.0985,27.0985,27.0985,27.0985,27.0985,27.0985,27.0985,27.0985,27.0985,27.0985,27.0985,27.0985,27.0985,27.0985,27.0985,27.0985,26.50034,26.29892,26.19822,25.89914,25.60006,25.09957,24.99886,24.69978,24.59907,24.19928,23.90021,23.50042,22.99992,22.39872,21.40078,20.29908,19.09972,17.69894,16.39887,15.00114,13.60037,12.19959,10.70115,9.401083,7.899596,6.498817,5.000381,3.498894,2.299535,1.399252,0.898756,0.49897,0.300603,0.199893,0.099184,0.001526,0.001526,0.001526,0.001526,0.001526,0.001526,0.001526,0.001526,0.001526,0.001526,0.001526,0.001526,0.001526,0.001526,0.001526,0.001526,0.001526,0.001526,0.001526,0.001526,0.001526,0.001526,0.001526,0.001526,0.001526,0.001526,0.001526,0.001526,0.001526,0.001526,0.001526,0.001526,0.001526,0.001526,0.001526,0.001526,0.001526,0.001526,0.001526,0.001526,0.001526,0.001526,0.001526,0.001526,0.001526,0.001526,0.001526,0.001526,0.001526,0.001526,0.001526,0.001526,0.001526,0.001526,0.001526,0.001526,0.001526,0.001526,0.001526,0.001526,0.001526,
SOLAR,HUGSF1,-0.092,-0.092,-0.092,-0.092,-0.092,-0.092,-0.092,-0.092,-0.092,-0.092,-0.092,-0.092,-0.092,-0.092,-0.092,-0.092,-0.092,-0.092,-0.092,-0.092,-0.092,-0.092,-0.092,-0.092,-0.092,-0.092,-0.092,-0.092,-0.092,-0.092,-0.092,-0.092,-0.092,-0.092,-0.092,-0.193,-0.193,-0.193,-0.193,-0.193,-0.193,-0.193,-0.193,-0.193,-0.193,-0.193,-0.193,-0.193,-0.193,-0.193,-0.193,-0.193,-0.193,-0.193,-0.193,-0.193,-0.193,-0.193,-0.193,-0.193,-0.193,-0.193,-0.193,-0.193,-0.193,-0.193,-0.193,-0.193,-0.193,-0.193,-0.092,-0.092,0.008,0.108,0.108,0.219,0.33,0.645,0.975,1.288,1.179,1.755,0.842,0.629,0.528,0.426,0.426,0.326,0.326,0.326,0.326,0.326,0.326,0.326,0.326,0.326,0.326,0.326,0.326,0.326,0.326,0.326,0.326,0.326,0.326,0.326,0.326,0.326,0.427,0.427,0.56,0.56,0.56,0.56,0.76,0.867,0.867,2.129,2.971,3.473,5.593,6.79,8.852,8.918,8.714001,8.6,8.6,8.6,8.497001,8.497001,8.497001,8.497001,8.396001,8.489,8.038,8.537001,8.537001,8.537001,8.537001,8.424001,8.424001,8.424001,8.424001,8.424001,8.424001,8.424001,8.424001,8.424001,8.424001,8.424001,8.424001,8.424001,8.424001,8.424001,8.424001,8.424001,8.527,8.527,8.527,8.527,8.527,8.527,8.417001,8.417001,8.317,8.187,8.187,8.187,8.287001,8.187,8.083,8.083,8.083,8.083,7.968,7.968,7.867001,7.867001,7.867001,7.867001,7.867001,7.766,7.665,7.562,7.461,7.461,7.461,7.36,7.36,7.234,7.133,7.133,7.023,6.819,6.718,6.616,6.504,6.187,5.847,5.636,5.312,4.995,4.893,4.307,3.994,3.683,3.375,3.048,2.71,2.37,2.06,1.759,1.45,1.244,0.912,0.711,0.508,0.407,0.206,0.206,0.104,0.104,0,0,0,0,0,0,0,0,0,0,0,0,0,0,0,0,0,0,0,0,0,0,0,0,-0.101,-0.101,-0.101,-0.101,-0.101,-0.101,-0.101,-0.101,-0.101,-0.101,-0.101,-0.101,-0.101,-0.101,-0.101,-0.101,-0.101,-0.101,-0.101,-0.101,-0.101,-0.101,-0.101,-0.101,-0.101,-0.101,-0.101,-0.101,-0.101,-0.101,-0.101,-0.101,-0.101,-0.101,-0.101,-0.101,-0.101,-0.101,-0.101,-0.101,-0.101,-0.101,
SOLAR,LRSF1,0.004,0.004,0.004,0.004,0.004,0.004,0.004,0.004,0.004,0.004,0.004,0.004,0.004,0.004,0.004,0.004,0.004,0.004,0.004,0.004,0.004,0.004,0.004,0.004,0.004,0.004,0.004,0.004,0.004,0.004,0.004,0.004,0.004,0.004,0.004,0.004,0.004,0.004,0.004,0.004,0.004,0.004,0.004,0.004,0.004,0.004,0.004,0.004,0.004,0.004,0.004,0.004,0.004,0.004,0.004,0.004,0.004,0.004,0.004,0.004,0.004,0.004,0.004,0.004,0.004,0.004,0.004,0.004,0.004,0.004,0.104,0.24,0.341,0.65,0.979,1.372,1.814,2.337,2.834,3.422,4.056,4.657,5.296,5.925,6.629,7.153,7.674,8.112,8.474,8.763,9.171,9.485001,9.796,10.001,10.206,10.412,10.636,10.856,11.066,11.234,11.339,11.544,11.682,11.682,11.783,11.95,11.95,12.052,12.052,12.157,12.257,12.257,12.257,12.364,12.364,12.464,12.464,12.565,12.565,12.565,12.565,12.565,12.454,0.511,12.404,0.537,12.39,12.39,12.49,12.49,12.592,12.592,12.489,12.489,12.489,12.489,12.388,12.388,12.491,12.491,12.491,12.491,12.491,12.491,12.591,12.693,12.693,12.44,12.44,12.44,12.606,12.732,12.834,12.608,12.474,12.367,12.367,12.569,12.455,12.455,12.351,12.246,12.246,0.51,12.056,12.056,12.257,12.156,11.954,11.954,11.998,12.099,11.576,11.668,11.391,4.809,5.975,4.963,5.503,2.557,3.313,9.869,9.396001,8.273001,10.406,9.394,10.118,6.507,10.889,10.807,10.701,10.219,9.71,9.76,8.613001,6.12,3.689,5.502,5.753,5.659,3.357,6.756001,4.517,3.4,2.471,4.605,3.324,2.4,2.091,1.763,1.519,1.07,0.818,0.818,1.455,1.479,0.819,0.601,0.493,0.392,0.19,0.19,0.09,-0.01,-0.01,-0.01,-0.01,-0.01,-0.01,-0.01,-0.01,-0.01,-0.01,-0.01,-0.01,-0.01,-0.01,-0.01,-0.01,-0.01,-0.01,-0.01,-0.01,-0.01,-0.01,-0.01,-0.01,-0.01,-0.01,-0.01,-0.01,-0.01,-0.01,-0.01,-0.01,-0.01,-0.01,-0.01,-0.01,-0.01,-0.01,-0.01,-0.01,-0.01,-0.01,-0.01,-0.01,-0.01,-0.01,-0.01,-0.01,-0.01,-0.01,-0.01,-0.01,-0.01,-0.01,-0.01,-0.01,-0.01,-0.01,-0.01,-0.01,-0.01,-0.01,-0.01,-0.01,-0.01,
SOLAR,MLSP1,0.002,0.002,0.002,0.002,0.002,0.002,0.002,0.002,0.002,0.002,0.002,0.002,0.002,0.002,0.002,0.002,0.002,0.002,0.002,0.002,0.002,0.002,0.002,0.002,0.002,0.002,0.002,0.002,0.002,0.002,0.002,0.002,0.002,0.002,0.002,0.002,0.002,0.002,0.002,0.002,0.002,0.002,0.002,0.002,0.002,0.002,0.002,0.002,0.002,0.002,0.002,0.002,0.002,0.002,0.002,0.002,0.002,0.002,0.002,0.002,0.002,0.002,0.002,0.002,0.002,0.103,0.154,0.204,0.304,0.354,0.504,0.605,0.555,0.605,0.956,1.106,1.206,1.307,1.507,1.557,1.809,1.809,1.859,1.909,2.059,2.36,2.561,2.711,2.964,2.758,3.261,2.959,3.314,4.592,4.44,5.621,3.598,3.94,3.64,3.74,4.621,4.264,4.874,4.653,5.021,6.067,8.713,11.308,8.280001,11.015,10.661,11.371,11.624,9.172001,11.946,11.849,8.613001,10.434,7.603,12.046,12.072,9.923,7.889,7.59,9.975,12.888,12.636,12.486,12.483,12.537,12.486,12.169,12.53,12.578,12.68,12.883,10.523,11.203,12.03,11.797,12.785,12.785,12.685,12.634,12.634,12.685,12.937,9.247001,7.724,4.722,3.07,3.057,10.3,12.798,11.916,12.978,12.825,12.422,10.917,11.757,4.603,9.549001,7.392,8.916,3.257,2.906,7.952,11.239,2.865,2.261,3.425,12.749,11.944,2.674,4.932,11.527,11.436,5.098,9.858001,3.673,3.684,4.993,4.634,3.207,2.553,2.154,1.902,4.011,3.185,2.631,3.329,2.601,2.399,2.34,6.159,6.254,3.769,5.31,4.748,3.932,1.951,1.851,1.399,1.097,1.348,1.248,0.947,0.697,0.546,0.446,0.446,0.446,0.446,0.346,0.195,0.145,0.095,0.095,0.045,0.045,0.045,0.045,0.045,0.045,0.045,0.045,0.045,0.045,0.045,0.045,0.045,0.045,0.045,0.045,0.045,0.045,0.045,0.045,0.045,0.045,0.045,0.045,0.045,0.045,0.045,0.045,0.045,0.045,0.045,0.045,0.045,0.045,0.045,0.045,0.045,0.045,0.045,0.045,0.045,0.045,0.045,0.045,0.045,0.045,0.045,0.045,0.045,0.045,0.045,0.045,0.045,0.045,0.045,0.045,0.045,0.045,0.045,0.045,0.045,0.045,0.045,0.045,0.045,0.045,0.045,0.045,0.045,0.045,
SOLAR,ROTALLA1,0,,0,0,0,0,0,0,,,0,0,0,0,0,0,0,0,0,0,0,0,0,0,0,0,0,0,0,0,0,0,0,0,0,0,0,0,0,0,0,0,0,0,0,0,0,0,0,0,0,0,0,0,0,0,0,0,0,0,0,0,0,0,0.06,0.061,0.107,0.295,0.386,0.317,0.389,0.367,0.496,0.63,1.354,1.382,1.52,1.829,1.403,1.501,1.896,2.411,3.474,4.215,4.911,4.033,3.587,3.377,4.691,6.86,5.994,5.188,4.582,4.132,5.006,4.454,5.009,5.685,6.246,7.914001,7.163,7.922,6.061,7.272,6.649,8.02,15.612,15.446,10.618,11.598,17.298,14.799,15.615,15.836,11.594,14.493,15.746,15.76,17.699,17.274,17.675,11.631,12.307,17.225,17.806,17.9,17.536,14.578,15.887,16.688,17.815,16.832,17.163,18.109,16.979,16.677,12.919,15.832,18.512,17.908,17.914,14.859,16.762,17.177,9.348001,11.771,14.121,13.19,17.585,7.269001,8.802,19.008,17.748,17.69,14.41,11.112,10.811,18.491,7.48,15.483,18.342,15.946,12.816,14.226,10.313,17.591,10.982,16.287,16.391,16.051,16.336,15.134,14.521,10.038,5.123,5.257,7.219,4.933,4.778,15.494,5.132,4.772,4.286,4.51,3.367,1.637,1.237,1.336,1.498,1.494,1.971,1.678,1.84,2.875,2.775,1.212,1.243,1.072,0.955,0.483,0.283,0.265,0.282,0.287,0.214,0.162,0.15,0.117,0.07,0.037,0.021,0.004,0.004,0.004,0.004,0,0,0,0,0.01,0.06,0.007,0.007,0.004,0,0,0,0,0,0,0,0,0,0,0,0,0,0,0,0,0,0,0,0,0,0,0,0,0,0,0,0,0,0,0,0,0,0,0,0,0,0,0,0,0,0,0,0,0,0,0,0,0,0,0,0,0,0,0,0,0,0,0,0,0,0,0,0,
WIND,CAPTL_WF,7.275502,3.998108,1.834012,0,0,0,0,0,0,0,0,0,0,1.834012,6.291111,0,0,4.127016,6.619242,6.74815,1.90042,3.865293,7.013779,7.470817,6.685649,3.998108,0,0,0,0,0,0,0,0,0,0,0,0,0,0,0,0,0,0,0,0,0,0,0,0,0,0,0,0,0,0,0,0,0,0,0,0,0,0,0,0,0,0,0,0,0,0,0,0,0,0,0,0,0,0,0,0,0,0,0,0,0,0,0,0,0,0,0,0,0,0,0,0,0,0,0,0,0,0,0,0,0,0,0,0,0,0,0,0,0,0,0,0,0,0,0,0,0,0,0,0,0,0,0,0,0,0,0,0,0,0,0,0,0,0,0,0,0,0,0,0,0,0,0,0,0,0,0,0,0,0,0,0,0,0,0,0,0,0,0,0,0,0,0,0,0,0,0,0,0,0,0,0,0,0,0,0,0,0,0,0,0,0,11.07634,35.91071,45.67648,63.24315,71.36827,81.32936,91.29045,90.43887,92.33734,92.93111,105.3805,119.8651,124.123,131.0059,129.1699,116.5838,122.9433,125.4316,120.912,114.5564,113.9002,116.6541,123.2714,123.205,119.5331,116.0643,120.9784,126.9394,125.6972,124.8418,125.8925,131.002,128.1895,126.2207,119.5995,118.619,118.7479,116.9783,121.5683,111.3415,98.30228,97.05617,91.02873,85.39192,87.16148,69.27058,77.32931,89.91544,82.18094,86.50523,89.78262,85.39193,83.9505,89.5209,94.0405,91.48577,98.89214,101.1187,101.189,97.90775,96.98976,99.93903,95.54833,96.46632,95.61474,90.70061,87.16148,85.78647,89.84903,93.19283,88.53651,88.4701,84.07941,79.03636,74.90349,66.32132,62.91502,64.16113,65.20802,63.43847,57.93057,57.0165,54.39146,52.16486,54.59068,52.16876,52.69221,50.26639,50.3953,43.12175,34.40678,36.30524,38.92638,38.73106,44.03973,45.61398,45.74289,42.72722,44.23505,43.05534,
WIND,CHALLHWF,23.8,25.8,25.4,24.7,24.6,24.6,23.9,23.5,22.2,22.2,21.7,23.3,22.3,24,23,27.1,28.1,28.5,27.9,26.6,28,25,25.4,25.7,25.5,23.7,23.7,27.3,27,25.3,24.4,26.9,24.6,25.1,28.1,26.9,27.7,24.8,25.1,26.6,27.2,29.6,30.5,34.6,33.1,35.2,35,35.6,32.3,33.4,35.3,36.4,32.7,32.9,30.2,32.4,34,32.5,33.1,33.6,32.9,35.1,33.1,33.5,35.9,34.8,35.9,37.5,39,37.5,37.4,36.9,36.5,36.8,36.7,37.2,39,36.7,39.7,38.5,39.1,37,36.3,33.5,33.1,34.3,32.1,32.1,29.8,28.8,27.5,28.4,27.7,25.5,23.8,23.9,28.5,24.6,24,27.5,25.1,26.2,24.6,23,22.5,21,18.1,18.4,20,17.9,19.7,19.6,19.7,19,15.3,16,18.3,18.5,18.7,18.2,19.3,16.7,16.6,16.6,14.6,16.2,16.2,16.6,16.4,16.5,13.8,14.7,17.2,15.7,15.7,13.6,14.6,11.3,14,15.7,14.7,14.8,15.1,14.2,14.1,15.5,14,12.7,14.9,17.3,18.1,16.5,17.2,17.9,18.5,18.5,17.7,18.2,18,20.2,19.9,20.3,19.8,18.8,17.7,16.2,15.1,18,19.2,19.1,18.7,17.3,19.3,19.3,21.6,25.6,26,23.3,21.8,23.4,23.3,23.8,27.5,22.9,21.8,19.6,22.7,25.4,27.4,24,21,22.5,26.5,24.5,23.9,22.1,24.5,25.9,25.7,25.3,23.8,25.2,25.5,26,24.7,22.6,23.7,23.5,20.3,24.1,24.8,23.7,27.1,24.8,26.8,27.9,30.8,32.3,31.4,28.8,32.7,32.4,34.4,34.4,32.7,32.7,32.1,31.3,30.7,31,33,32.4,32.4,31.7,34.4,34.5,35.9,34.7,34.5,33.6,31.2,29.1,30.1,30,27.8,31,31.2,31.9,30.1,31.7,30.1,29.9,30.8,32.1,30.9,31.9,33.1,32.6,32.9,30.6,31.6,30.9,30.8,30.2,29.9,28.6,27.3,28.9,28.8,28.9,30.7,30.8,29,27.2,27.4,27.5,28.4,28.2,29.2,30.3,31,30.1,29.1,28.8,29.4,29.9,31.4,30.9,
WIND,CULLRGWF,19.98,17.55,17.63,18.64,16.72,15.96,14.92,16.15,16.67,16.04,18.12,14.21,15.22,14.24,13.74,14.46,13.85,15.22,14.15,13.84,12.34,12.05,13.05,13.62,15.04,13.37,14.14,12.86,13.83,12.21,12.2,12.66,12.08,10.8,9.57,8.39,8.1,7.94,8.65,8.26,9.19,10.11,10.41,9.73,10.08,9.94,10.31,9.64,9.6,8.92,8.43,7.2,6.68,6.52,6.86,7.01,7.1,7.34,7.82,7.61,8.09,8.47,8.68,9.53,9.77,10.64,9.78,9.56,10.03,8.88,8.78,8.43,8.66,9.87,10.4,11.43,10.04,9.87,8.86,8.11,9.06,9.47,10.19,9.5,12.15,9.67,9.87,9.18,8.73,8.45,6.62,5.89,5.93,4.71,4.23,3.83,3.41,2.81,2.18,2.26,2.15,2.79,1.91,1.78,1.78,1.82,2.71,1.16,1.97,1.81,1.36,2.4,1.95,2.8,1.4,1.54,1.06,2.1,0.78,0.17,0.78,0.55,0.37,0.41,0.38,0.88,0.52,0.55,0.85,0.9,0.7,0.7,-0.07,-0.03,0.45,0.19,0.4,0.32,0.42,0,0,-0.02,0,0.44,0,0,0,0,-0.05,0,0,0,0,0.43,0.33,0.32,0,-0.15,-0.1,0,-0.06,-0.07,-0.03,-0.1,-0.1,-0.06,-0.04,-0.05,-0.08,-0.01,-0.05,-0.12,0,0.07,0.55,2.08,3.43,3.93,5.09,5.72,7.31,5.72,6.34,6.84,7.31,7.67,7.2,6.51,7,9.1,10.31,8.34,8.21,9.31,11.22,9.08,8.86,7.33,6.86,5.69,5.71,5.88,7.51,8.17,7.98,7.53,10.79,13.08,13.34,16.84,18.57,17.31,17.04,17.79,20.98,21.71,22.24,21.96,22.11,21.54,24.29,22.96,22.69,24.07,25.49,25.32,25.73,25.57,24.1,25.24,24.19,23.65,24.94,24.45,24.69,23.85,24.39,25.62,25.82,22.37,22.64,22.34,23.98,24.35,24.45,23.64,22.41,22.12,21.75,22.64,24.1,24.79,23.67,22.29,22,22.48,21.55,22.47,22.59,22.56,23.05,21.83,22.61,23.18,22.54,24,23.73,22.38,23.13,21.69,22.77,22.32,21.3,20.49,21.42,22.12,20.57,20.04,17.2,17.56,17.53,17.86,16.46,16.38,18.31,17.22,18.31,17.06,
WIND,DIAPURWF1,,,,,,,,,,,,,,,,,,,,,,,,,,,,,,,,,,,,,,,,,,,,,,,,,,,,,,,,,,,,,,,,,,,,,,,,,,,,,,,,,,,,,,,,,,,,,,,,,,,,,,,,,,,,,,,,,,,,,,,,,,,,,,,,,,,,,,,,,,,,,,,,,,,,,,,,,,,,,,,,,,,,,,,,,,,,,,,,,,,,,,,,,,,,,,,,,,,,,,,,,,,,,,,,,,,,,,,,,,,,,,,,,,,,,,,,,,,,,,,,,,,,,,,,,,,,,,,,,,,,,,,,,,,,,,,,,,,,,,,,,,,,,,,,,
WIND,MLWF1,4.695,4.485,4.095,3.03,3.195,3.525,3.33,3.72,4.455,4.935,5.385,5.265,4.92,4.425,3.915,4.23,4.14,5.295,4.785,6.615,4.485,5.67,6.09,5.385,6.57,6.075,6.795,6.18,5.655,5.25,5.79,6.87,7.155,6.375,5.28,6.135,7.215,8.085,7.8,8.115,6.945,6.795,7.125,7.71,6.495,5.88,6.765,5.91,6.3,5.16,6.405,7.26,8.49,9.915,9.195,9.705,8.7,8.7,10.515,11.31,12.39,14.1,9.87,8.055,6.96,7.11,5.46,3.57,3.375,3.69,3.045,2.94,3.255,3.555,4.83,3.645,3.765,3.96,4.53,4.74,3.78,8.175,8.01,6.12,6.48,9.195,8.264999,6.39,7.14,6.075,6.12,6.27,5.385,4.56,3.69,3.075,3.405,3.39,3.06,2.88,3.285,4.47,3.735,3.885,4.26,3.81,5.325,6.135,5.085,6.825,6.99,6.585,5.085,5.52,5.04,4.86,4.05,3.915,5.325,5.61,4.02,5.25,4.05,3.525,4.5,4.245,3.81,3.615,2.775,3.855,2.82,3.78,3.165,2.625,2.655,3.54,3.48,2.73,3.36,4.995,4.185,4.335,4.035,5.055,3.3,4.095,4.965,3.69,4.86,4.68,3.795,5.76,4.53,5.085,3.33,3.36,6.24,4.2,3.33,3.78,4.905,2.685,6.285,6.78,5.865,6.24,4.875,5.01,7.425,6.57,6.84,5.115,6.435,7.035,5.895,5.61,6.3,8.355,6.39,8.82,9.36,7.74,8.07,8.625,9.57,9.765,12.285,10.845,11.31,9,12.015,9.42,9.525,7.815,8.445,8.505,6.855,5.775,10.59,9.315,9.15,8.985,9.915,8.025,7.785,7.74,9.059999,9.959999,6.66,4.68,5.43,6.69,6.63,7.41,8.85,9.3,10.08,8.985,8.835,8.61,9.15,7.74,6.525,6.12,5.82,7.155,7.275,5.52,7.065,9.9,12.885,10.155,10.05,8.595,7.71,7.455,7.41,7.665,6.54,6.3,6.045,7.02,6.795,6.03,6.69,5.565,6.87,6.585,7.47,8.4,9.48,9.555,9.585,10.005,9.225,10.23,8.565001,8.940001,9.15,8.940001,8.73,7.14,6.105,5.475,6.105,6.72,6.945,6.75,8.835,7.02,6.075,6.93,6.18,5.715,5.895,5.565,4.395,4.545,4.44,4.545,4.335,4.11,4.425,4.71,6.24,6.615,6.78,5.76,
WIND,WAUBRAWF,0,0,0,0,0,0,0,0,0,0,0,0,0,0,0,0,0,0,0,0,0,0,0,0,0,0,0,0,0,0,0,0,0,0,0,0,0,0,0,0,0,0,0,0,0,0,0,0,0,0,0,0,0,0,0,0,0,0,0,0,0,0,0,0,0,0,0,0,0,0,0,0,0,0,0,0,0,0,0,0,0,0,0,0,0,0,0,0,0,0,0,0,0,0,0,0,0,0,0,0,0,0,0,0,0,0,0,0,0,0,0,0,0,0,0,0,0,0,0,0,0,0,0,0,0,0,0,0,0,0,0,0,0,0,0,0,0,0,0,0,0,0,0,0,0,0,0,0,0,0,0,0,0,0,0,0,0,0,0,0,0,0,0,0,0,0,0,0,0,0,0,0,0,0,0,0,0,0,0,0,0,0,0,0,0,0,0,0,0,0,0,0,0,0,0,0,0,0,0,0,0,0,0,0,0,0,0,0,0,11.112,20.683,42.486,100.7,100.207,106.103,106.983,109.355,109.314,114.105,112.361,109.945,110.948,108.485,112.647,116.498,118.567,116.773,116.358,111.007,108.902,107.393,110.074,111.112,117.579,120.339,119.288,124.598,123.524,121.655,122.782,120.932,126.353,122.074,122.199,125.378,122.329,123.996,131.082,132.831,131.416,129.291,126.037,137.322,144.254,141.868,145.387,142.246,140.941,134.284,138.788,135.835,138.837,135.788,139.977,144.868,145.781,143.248,142.603,142.074,141.25,140.067,139.304,137.084,138.468,131.149,134.141,135.85,136.514,134.165,123.461,119.313,119.654,113.841,109.003,108.326,106.275,105.341,106.979,
WIND,WOOLNTH1,106.72,101.44,97.14999,90.67,93,87.16,87,90.45,90.35,95.53999,98.35,108.1,98.87,97.54,94.81999,88.23,78.87,79.92,92.2,90.47,88.47,83.25,84.04,84.03,90.81,94.85,86.14999,83.4,83.75,77.84,74.98,75.34,83.12,78.74001,78.91,77.23,79.24,79.06,77.83,75.1,82.13001,75.07,73.83,75.89999,74.81,75,76.76,72.14,69.6,71.16,70.92,76.01,64.93,63.3,73.2,74.74001,74.89999,67.85,56.98,52.61,52.46,55.01,59.26,64.78,56.12,44.39,47.46,47.2,46.79,46.14,51.74,45.48,38.88,34.33,32.13,36.09,41.21,35.3,37.05,35.48,34.17,30.29,43.45,52.36,55.92,54.71,56.91,58.99,62.85,54.92,59.88,63.03,63.04,58.38,51.77,41.78,42.31,51.96,64.2,63.02,59.62,60.25,55.52,57.57,59.33,59.64,61.89,63.53,58.69,57.52,53.91,44.12,42.5,45.74,47.59,42.77,41.47,51.78,65.2,55.54,54.78,62.26,66.89999,72,73.64999,76.89,78.12,88.02,93.53,96.68,92.81999,101.04,106.42,108.14,102.15,107.4,99.88,117.47,117.32,113.36,109.71,108.16,110.24,110.84,114.76,109.09,114.5,114.77,109.73,101.95,101.04,102.12,98.14999,95.89,92.39,89.67,75.59,70.85,60.51,60.34,60.76,59.88,59.34,54.77,59.11,56.38,56.73,65.34,76.38,83.51,93.7,96.45,100.49,100.28,100.83,109.01,104.98,105.28,106.02,112.11,110.97,115.03,109.12,118.74,115.36,114.45,116.84,117.92,113.89,112.77,106.95,104.26,107.6,111.69,112.21,103.84,104.31,102,96.69,91.78,97.42,97.02,94.3,96.03999,98.56,95.78999,100.58,102.5,101.08,101.55,95.03,92.3,91.78,89.78,81.02,78.25,72.26,73.09,84.26,85.17999,85.24,85.21,85.28999,88.78999,86.25,80.92999,84.95,83.76,95.33,93.82,97.72,97.78,100.59,102.99,107.64,114.06,108.59,112.37,108.55,109.93,110.88,106.9,109.05,102.35,104.3,102.55,110.84,104.65,104.49,113.09,107.13,108.04,95.1,99.88,102.58,98.72,102.15,104.76,97.55,97.67,95.67,95.42,97.22,96.8,96.77,91.05,91.8,88.08,90.13,77.46,87.89,88.1,85.13,87.53999,85.62,87.42,83.03,91.23,82.7,81.64999,82.45,94.06,92.21,85.01,84.58,86,87.72,96.02,
WIND,YAMBUKWF,3.9,3.6,3.1,3,6.3,8.3,5.9,3.6,2.9,2.9,6,7.7,6.6,5.8,2.4,2,2.2,3.7,3.9,4.4,5,8.3,10.5,6.6,5.9,5.9,7,8.9,9,5.5,4.9,5.1,7.1,13.7,13.4,11.8,10.9,10.8,9,8.5,6.9,9.1,9.8,6,6.3,8.5,10.6,16.1,11,12.4,10.9,7.5,10.8,13.2,15.8,16.1,11.6,11.2,11.6,13.2,10.3,8.9,9,8.4,5.8,3.6,5.1,4.6,5.2,6.6,7,8.7,4.9,6,5.9,4.5,6.2,8.7,7,3.2,5,6.6,6.1,4.5,5.9,5,4.1,5.4,4.4,2.7,3.1,3,2.9,3.7,5.5,7.3,5.4,3.4,3.8,3.7,2.6,3,3.9,5.1,3.6,3.7,3.8,4.3,3.4,2.9,2.3,2.1,3.6,3.3,2.8,2.5,2.4,3.2,3.2,3.1,2.6,3.5,4.5,5,4.7,4,4.1,5.3,4.8,4.6,4.6,5,4.8,4.6,4.8,4.2,4.1,3,2.6,3.1,2.2,2.6,2.5,2.6,3.1,3.1,2.6,2.1,3.4,3.4,3.9,3.4,4.2,4.5,4.2,4.2,3.5,3.6,3.5,4.2,4.5,5.7,5.1,6.7,4.8,6.2,8.2,10.8,11.5,10,9.5,10.1,10.8,10.5,10.4,8.6,10.3,11.4,12.9,14.5,16.2,14.4,11.2,11.1,8.1,8.3,10.2,9.3,7.6,6.1,6.9,6.1,9.6,7.3,7.8,6.9,6.4,5.2,5,7.7,7.3,10,7.1,7,6.3,7,5.9,6.3,5.5,5.6,5.3,4.4,3.9,4.6,5.6,6.4,6.7,5.8,9.6,7.7,5.1,4,5.3,6.8,6.3,6,5.4,5.5,7.9,10.7,9.7,14.7,20.8,22,20.5,25,25.7,25.4,25.2,24.6,24.3,26.2,23.3,22.5,21.7,22.1,20.4,19.8,17.5,17.1,16.2,11.9,8.8,7.4,6.4,6.1,5.2,5.9,7.1,5.6,5.4,7.7,7.5,7.1,8,7.5,8.3,10.1,10.9,10.3,11.8,13.9,14,12.2,14.7,16.3,15.2,14.4,17.2,14.4,15.9,11.3,11.5,14.7,19.4,16.7,15,18,
WIND,YSWF1,3.6,3.9,3,3.9,4,3.8,3.8,2.7,1.7,1.9,1.8,2.4,1.6,2.3,2.6,2.1,2.4,1.5,1.9,2.5,2.6,2.1,2.3,1.9,2,2.3,1.9,2.2,2.4,2.1,2.8,4.2,3.5,4.3,3.6,3.3,4.1,5.1,3.8,4.2,3.5,3.6,3.6,2.8,4.4,8,6,5.1,5.2,6.8,5.9,5.5,5.6,5.3,4.2,5.7,5.5,4.5,4.5,4.2,3,2.8,2.7,2.2,2.1,2.3,1.6,1.7,1.5,0.9,1.2,1,0.9,1.1,0.5,1.1,0.7,0.7,0.4,0.2,0.2,0.5,1.3,1,0.9,1.2,1.6,1.6,1,1.4,1.3,1.5,1.7,1.9,2.1,1.9,1.5,1.5,0.6,2.5,1.5,1.4,1.2,1.8,2.5,2.6,2.9,3,2.8,2.5,2.3,2.1,2,3.2,2.4,3,3.1,2.5,2.8,3.4,2.1,1.8,1.5,1.3,2.5,2.2,1.8,1.9,2.2,1.4,2.1,1.2,1,1,1.4,1.9,2.5,1.9,1.6,2,2.1,2.8,2.3,2.2,3,1.7,2.7,3.4,6.7,4.6,4.2,5.7,2.9,3.1,3.6,3.9,3.7,3.6,3.5,2.4,2.8,3.4,1.4,2.5,2.3,2.5,1.8,3.7,4.7,2.9,3.6,5,6.5,3.3,4.4,3,6.8,4.5,4.1,4.1,3.9,5.8,4.6,6.7,8.3,7.1,8.4,7,6.4,10.5,8.2,7.4,8.2,6.3,5.7,5.1,6.1,6.6,6.8,7.6,5.5,5.3,4.8,3.2,2.9,4.8,4.6,3.8,3.9,3.6,3.9,4,4.1,4.2,4.5,5.3,4.6,3.8,4.5,5.6,4.6,3.8,3.6,3,2.8,2.9,1.9,2,2.2,2.4,2.1,2.3,3.2,3,4.4,3.3,3.1,3.5,3.7,4.9,5.8,5.7,6.2,5.2,7.3,9.5,9.3,7.7,8,8.3,9.9,9.9,9.3,10.5,10.1,9.1,8.1,7.9,8,6.9,6.5,5.1,5.2,5.5,5,4.1,4.2,5,6,6.2,5.5,5.3,5.6,6.2,5.6,5.2,6.1,6.9,5.7,6.2,5.3,4.4,3.9,3.9,4.7,4,3.7,4.6,
NATURAL GAS,SHOAL1,22,22,22,22,22,22,22,22,22,22,22,22,22,22,22,22,22,22,22,22,22,22,22,22,22,22,22,22,22,22,22,22,22,22,22,22,22,22,22,22,22,22,22,22,22,22,22,22,22,22,22,22,22,22,22,22,22,22,22,22,22,22,22,22,22,22,22,22,22,22,22,22,22,22,22,22,22,22,22,22,22,22,22,22,22,22,22,22,22,22,22,22,22,22,22,22,22,22,22,22,22,22,22,22,22,22,22,22,22,22,22,22,22,22,22,22,22,22,22,22,22,22,22,22,22,22,22,22,22,22,22,22,22,22,22,22,22,22,22,22,22,22,22,22,22,22,22,22,22,22,22,22,22,22,22,22,22,22,22,22,22,22,22,22,22,22,22,22,22,22,22,22,22,22,22,22,22,22,22,22,22,22,22,22,22,22,22,22,22,22,22,22,22,22,22,22,22,22,22,22,22,22,22,22,22,22,22,22,22,22,22,22,22,22,22,22,22,22,22,22,22,22,22,22,22,22,22,22,22,22,22,22,22,22,22,22,22,22,22,22,22,22,22,22,22,22,22,22,22,22,22,22,22,22,22,22,22,22,22,22,22,22,22,22,22,22,22,22,22,22,22,22,22,22,22,22,22,22,22,22,22,22,22,22,22,22,22,22,
HYDRO,BUTLERSG,9.399999,9.399999,9.399999,9.399999,9.399999,9.399999,9.399999,9.399999,9.399999,9.399999,9.399999,9.399999,9.399999,9.399999,9.399999,9.399999,9.399999,9.399999,9.399999,9.399999,9.399999,9.299998,9.299998,9.399999,9.399999,9.399999,9.399999,9.399999,9.399999,9.399999,9.399999,9.399999,9.399999,9.399999,9.399999,9.399999,9.399999,9.399999,9.399999,9.399999,9.399999,9.399999,9.399999,9.399999,9.399999,9.399999,9.299998,9.299998,9.399999,9.299998,9.399999,9.399999,9.399999,9.399999,9.399999,9.399999,9.399999,9.399999,9.399999,9.399999,9.399999,9.399999,9.399999,9.399999,9.399999,9.399999,9.399999,9.399999,9.399999,9.399999,9.299998,9.399999,9.399999,9.399999,9.399999,9.399999,9.399999,9.399999,9.399999,9.399999,9.399999,9.399999,9.399999,9.399999,9.399999,9.299998,9.399999,9.399999,9.399999,9.399999,9.399999,9.399999,9.399999,9.399999,9.399999,9.399999,9.399999,9.399999,9.399999,9.399999,9.399999,9.399999,9.399999,9.299998,9.399999,9.399999,9.399999,9.399999,9.399999,9.399999,9.399999,9.399999,9.399999,9.399999,9.399999,9.399999,9.399999,9.399999,9.399999,9.399999,9.399999,9.399999,9.399999,9.399999,9.399999,9.499998,9.399999,9.399999,9.399999,9.399999,9.399999,9.399999,9.399999,9.399999,9.399999,9.399999,9.399999,9.399999,9.399999,9.399999,9.399999,9.399999,9.499998,9.399999,9.399999,9.399999,9.399999,9.299998,9.399999,9.399999,9.399999,9.399999,9.399999,9.399999,9.399999,9.399999,9.399999,9.399999,9.399999,9.399999,9.399999,9.299998,9.399999,9.399999,9.399999,9.399999,9.399999,9.399999,9.399999,9.399999,9.399999,9.399999,9.399999,9.399999,9.299998,9.299998,9.399999,9.399999,9.399999,9.399999,9.299998,9.399999,9.399999,9.399999,9.399999,9.399999,9.399999,9.399999,9.399999,9.399999,9.399999,9.399999,9.399999,9.399999,9.399999,9.399999,9.399999,9.399999,9.399999,9.399999,9.399999,9.399999,9.399999,9.399999,9.399999,9.399999,9.399999,9.299998,9.399999,9.399999,9.399999,9.399999,9.399999,9.399999,9.399999,9.399999,9.399999,9.399999,9.399999,9.399999,9.399999,9.399999,9.299998,9.399999,9.399999,9.399999,9.399999,9.399999,9.399999,9.399999,9.399999,9.399999,9.399999,9.299998,9.399999,9.399999,9.399999,9.399999,9.399999,9.399999,9.399999,9.399999,9.399999,9.399999,9.399999,9.399999,9.399999,9.399999,9.399999,9.399999,9.399999,9.399999,9.399999,9.399999,9.399999,9.399999,9.399999,9.399999,9.399999,9.399999,9.399999,9.399999,9.399999,9.399999,9.399999,9.399999,9.399999,9.399999,9.399999,9.399999,9.399999,9.399999,9.399999,9.399999,9.399999,9.399999,9.399999,9.399999,9.399999,9.399999,9.399999,9.399999,9.399999,9.399999,9.399999,9.399999,9.399999,9.399999,9.399999
HYDRO,CLOVER,-0.01,0,-0.01,0,-0.01,-0.01,-0.02,-0.01,-0.01,-0.01,-0.02,-0.01,-0.01,-0.01,-0.01,-0.02,-0.01,-0.01,0,0,-0.01,0,-0.01,-0.01,-0.01,0,0,-0.01,0,-0.01,-0.01,-0.01,-0.01,-0.01,0,-0.01,-0.01,-0.01,-0.01,0,-0.01,-0.01,0,0,0,-0.01,-0.01,-0.01,-0.01,-0.01,-0.01,-0.01,-0.01,-0.01,0,-0.01,-0.01,-0.01,-0.12,0.96,0.93,0.79,11.59,12.2,11.73,11.76,11.66,11.74,11.679999,11.64,11.66,11.49,11.5,11.650001,11.67,11.65,11.42,11.46,11.49,11.52,11.42,11.54,11.52,11.59,11.64,11.52,11.59,13.139999,12.73,12.9,12.76,12.86,12.63,12.76,12.66,12.52,12.55,12.47,0.62,0,0,-0.01,-0.01,0,-0.03,0,-0.01,-0.01,-0.01,-0.01,-0.01,-0.01,-0.01,-0.01,0,-0.01,-0.01,-0.02,-0.01,-0.01,-0.01,0,-0.01,-0.01,-0.01,-0.01,-0.01,-0.01,-0.01,-0.01,-0.02,-0.01,-0.01,0,0,-0.01,0,-0.01,-0.02,-0.01,0,-0.01,-0.01,-0.01,-0.01,-0.01,-0.01,0,-0.01,-0.01,0,-0.01,-0.02,0,-0.01,-0.01,-0.01,-0.01,-0.02,-0.01,-0.01,-0.01,-0.01,-0.01,-0.01,-0.01,0,-0.01,0,-0.01,-0.01,-0.01,-0.01,0,-0.01,-0.01,-0.01,0,-0.01,-0.01,-0.01,-0.01,-0.02,-0.01,-0.01,-0.02,-0.02,-0.01,-0.01,-0.01,-0.01,0,-0.01,-0.02,-0.02,-0.01,-0.01,-0.01,-0.01,-0.01,-0.01,-0.01,-0.01,-0.01,-0.01,-0.01,-0.01,-0.01,-0.01,-0.02,-0.02,0.64,18.200001,25.809999,25.799999,25.84,25.82,25.76,25.67,25.689999,25.74,25.700001,25.630001,25.6,25.51,25.540001,21.889999,2.44,2.29,5.28,5.84,7.6,23.24,24.139999,25.68,25.560001,25.619999,25.48,25.529999,25.52,25.459999,25.42,25.380001,25.369999,25.24,25.32,25.24,25.119999,25.099998,25.099998,25.09,25.030001,25.029999,24.970001,24.959999,24.950001,24.889999,24.700001,24.700001,24.630001,24.689999,24.639999,24.58,24.560001,24.48,24.450001,24.309999,16.380001,3.47,1.87,1.85,1.1,-0.01,0,0,-0.01,-0.02,3.83,4.67,3.43,-0.02,-0.03,-0.01,-0.01,-0.01,-0.02,-0.01,-0.02,0
HYDRO,CLUNY,8.590981,8.672465,8.610209,8.687114,8.605631,8.66331,8.657817,8.677043,8.644083,8.66331,8.610209,8.538796,8.634012,8.590981,8.610209,8.634012,8.729229,8.715495,8.758526,8.696269,8.700847,8.705424,8.681621,8.605631,8.758526,8.657817,8.634012,8.720074,8.581826,8.696269,8.657817,8.610209,8.572671,8.720074,8.696269,8.601053,8.644083,8.543374,8.691691,8.672465,8.648661,8.648661,8.653238,8.657817,8.715495,8.724651,8.620279,8.677043,8.657817,8.7393,5.900206,5.876402,5.838865,5.910277,5.957885,5.89105,5.900206,5.900206,5.895628,5.886473,5.852598,5.905699,5.92401,5.947814,5.871824,5.867247,5.867247,5.947814,5.881895,5.876402,5.795834,5.934081,5.89105,5.89105,5.871824,5.886473,5.910277,5.881895,5.862669,5.876402,5.881895,5.886473,5.89105,5.886473,5.886473,5.957885,5.886473,5.881895,5.914855,5.819638,5.905699,5.89105,5.781186,5.89105,5.871824,5.886473,5.89105,5.900206,5.886473,5.905699,5.862669,5.919432,5.92401,5.962463,5.900206,5.92401,5.938659,5.905699,5.867247,5.934081,5.919432,5.947814,5.876402,5.881895,5.905699,5.929503,5.862669,5.871824,5.867247,5.929503,5.900206,5.862669,2.481575,2.099794,2.243534,2.419318,2.390936,2.190433,2.047608,2.185855,2.195926,2.105287,2.209659,2.157473,2.252689,2.147402,2.172122,2.172122,2.185855,2.200504,2.176699,2.243534,2.209659,2.224308,2.276494,2.209659,2.238041,2.214237,2.209659,2.281071,2.142824,2.291142,2.285649,2.185855,2.309453,2.138247,2.228885,2.233463,2.209659,2.261845,2.233463,2.195926,2.142824,2.166629,2.224308,2.21973,2.152895,2.185855,2.138247,2.185855,2.190433,2.195926,2.248112,2.190433,2.267338,2.123598,2.129091,2.267338,2.233463,2.200504,2.224308,2.086061,2.095216,2.195926,2.147402,2.133669,2.133669,2.205081,2.248112,2.114443,2.114443,2.209659,2.138247,2.181277,2.205081,2.224308,2.162051,2.062257,2.205081,2.300297,2.162051,2.152895,2.176699,2.257267,2.252689,2.261845,2.271916,2.205081,2.195926,2.243534,2.142824,2.138247,2.162051,2.257267,2.166629,2.228885,2.166629,2.285649,2.185855,2.243534,2.190433,2.248112,2.11902,2.261845,2.285649,2.109865,2.114443,2.205081,2.166629,2.138247,2.205081,2.195926,2.205081,2.047608,2.152895,2.261845,2.205081,2.243534,2.181277,2.205081,2.214237,2.214237,5.776608,5.858091,5.953307,5.914855,5.886473,5.89105,5.900206,5.967041,5.929503,5.938659,5.990845,5.929503,7.210346,7.148089,7.124285,7.181964,7.186542,7.224994,8.276951,8.439002,8.505836,8.45365,8.462806,8.501259,8.45365,8.400549,8.419776,8.419776,8.462806,8.581826,8.467383,8.45365,8.467383,8.525063,8.410621,8.458228,8.44358,8.44358,8.534219,8.439002,8.514992,8.458228,8.372168,8.424354,8.477455,8.44358,8.471962
HYDRO,PALOONA,24.82,24.77,24.81,24.75,24.73,24.89,24.86,25.02,24.75,24.7,24.67,24.78,24.72,24.78,24.84,24.66,24.94,24.97,24.67,24.77,24.74,24.74,24.87,24.79,25.07,24.74,24.58,24.93,24.82,24.71,24.95,24.65,25.03,24.67,24.75,24.93,25,24.97,25.13,24.93,24.81,24.82,24.92,24.87,25.04,24.96,24.76,24.8,24.88,24.86,24.86,24.87,24.87,24.92,24.78,24.91,24.96,25.16,24.97,24.88,24.65,24.69,24.82,24.61,24.69,24.9,24.88,24.84,25.08,24.92,24.99,24.87,25.11,24.86,24.61,24.93,24.99,24.89,25.03,24.72,24.84,25.02,24.83,24.64,24.92,24.96,24.96,24.69,24.84,25.05,24.82,24.99,13.56,14.94,14.89,14.94,14.9,15.03,14.92,14.96,14.91,15,15.06,14.95,14.94,14.9,14.88,14.87,14.84,14.97,14.76,14.96,14.86,14.85,14.84,14.92,14.89,14.89,14.77,14.71,14.76,14.85,14.82,15.02,15.18,15.27,15.06,15.03,14.96,15.1,14.97,15.03,15.09,15.03,15.01,14.92,15.03,15.15,14.99,15.24,14.97,14.89,15.22,15.07,15.03,15.15,15.08,15,15.06,15.03,14.9,15.04,15.19,15,14.99,15.03,14.96,15.09,15.24,15.2,15.12,15.01,15.03,15,14.87,14.96,15.01,15.01,14.99,14.92,15.04,14.95,14.96,15.01,14.9,15.01,15.06,15.12,15.03,15.11,14.77,14.83,14.96,14.99,14.76,14.85,15.1,14.96,14.73,14.81,15.08,14.97,14.77,14.87,14.79,14.89,14.71,14.82,14.8,14.93,14.76,14.8,14.83,14.96,14.81,14.79,14.68,14.72,14.86,14.83,14.76,14.73,14.77,14.89,14.73,14.82,14.78,14.9,14.81,14.77,15,14.68,14.81,14.85,14.75,14.82,14.86,14.81,14.68,15.02,14.89,14.9,14.82,14.87,14.89,14.74,14.94,14.77,14.75,14.89,14.74,14.78,14.97,14.97,14.92,15.05,14.84,15.03,14.91,14.77,14.95,14.8,15.04,15.17,14.87,14.85,14.8,15.01,14.92,14.91,14.92,15.11,14.89,14.9,14.84,15.09,15.03,14.92,14.9,15.09,15.07,14.96,15.03,15.16,15.05,14.91,15.01,15.15,14.97,15,15.09,15.13,14.96,15.12,15.03,15.04,14.88,15.08,15.04
HYDRO,REPULSE,14.7628,15.03014,14.84581,15.04234,14.91539,14.94102,14.92882,14.84581,14.98497,14.91539,14.93492,14.67369,14.72496,14.90318,14.7689,15.0045,15.05577,14.96666,15.06798,14.7567,14.81407,14.8336,14.78233,14.92882,15.10582,14.88365,14.88975,14.90318,14.73716,14.99229,14.8397,14.98497,14.95323,14.91539,14.82017,14.94713,14.87144,14.90929,14.79454,14.97887,14.92882,14.73106,14.82628,14.90318,14.80064,14.95323,14.85191,14.94102,14.61021,14.782331,9.029068,9.136492,8.749523,8.946059,8.813001,9.054704,8.819104,8.953383,9.022964,9.009537,9.054704,8.902113,8.864271,9.199969,9.016861,9.035172,9.060807,8.858168,8.946059,8.991226,8.889906,9.035172,9.0486,8.84474,9.118181,8.902113,8.889906,8.953383,8.806897,9.136492,9.060807,8.991226,8.914321,9.09865,8.876478,9.022964,9.104753,9.162127,8.921645,8.882582,8.921645,8.977798,8.838635,8.806897,8.959487,9.016861,9.0486,8.826428,8.775158,9.022964,9.080338,8.953383,9.041276,9.003433,8.921645,8.902113,8.648203,9.003433,8.96559,8.939956,9.112078,8.96559,8.946059,9.0486,9.086442,9.207294,9.181659,9.035172,9.112078,8.99733,9.009537,9.029068,2.583658,2.431067,2.254063,2.793622,2.373693,2.095369,2.151522,2.215,2.208896,2.139315,2.177157,2.208896,2.501869,2.254063,2.139315,2.41886,2.095369,2.183261,2.36759,2.208896,2.196689,2.254063,2.127108,2.018463,2.355383,2.26627,2.254063,2.285801,2.088045,2.088045,2.381018,2.196689,2.31754,2.26627,2.145418,2.254063,2.151522,2.476234,2.26627,2.190585,2.081941,2.323644,2.075837,2.069734,2.06363,2.285801,2.260166,2.254063,2.222324,2.01236,2.16495,2.246738,2.095369,2.234531,2.139315,2.222324,2.278477,2.133211,2.208896,2.272373,2.133211,2.304112,2.272373,2.310216,2.304112,2.381018,2.285801,2.183261,2.304112,2.31754,1.891508,2.234531,2.177157,2.36759,2.11368,2.11368,2.145418,2.26627,2.246738,2.285801,2.018463,2.208896,2.278477,2.298009,2.202792,2.107576,2.341955,2.151522,2.285801,2.151522,2.323644,2.285801,2.228428,2.310216,2.240635,2.310216,2.215,2.234531,2.190585,2.190585,2.260166,2.298009,8.985123,9.175555,9.003433,8.953383,9.060807,9.130388,9.080338,9.181659,9.136492,9.187762,8.946059,9.09865,9.041276,9.168231,8.889906,9.054704,8.902113,8.908217,9.289083,8.850843,8.953383,9.029068,9.086442,8.946059,12.541085,13.003738,13.162433,12.934157,12.915847,12.947585,12.852369,13.055009,13.080644,12.953689,12.940261,12.985428,14.115816,14.572366,14.687114,13.969329,13.86801,13.822843,13.63241,13.588464,13.651941,13.880217,13.798429,13.695888,13.822843,13.448081,13.639734,13.703212,13.703212,13.651941,13.778896,13.607996,13.816739,13.822843,13.607996,13.658046,13.626307,13.715419,13.671474,13.925384,13.741055
COAL,RPCG,12.1,12.1,14.4,15.6,15.6,17.1,17.1,14.4,14.4,14.4,14.4,11.2,12.7,12.7,13.9,15.3,16.6,15.1,15.1,16.6,15.5,14.3,15.8,13.3,14.7,15.1,16.3,14.8,14.8,14.8,12.1,12.2,14.5,15.6,15.6,15.6,15.6,15.6,14.3,15.6,15.6,14.5,14.5,14.5,14.5,13.3,14.5,,14.5,14.5,13.4,11.9,11.9,14.4,15.5,15.5,16.9,16.9,15.5,16.7,16.7,15.5,17.1,13.3,14.4,15.5,14.4,14.4,15.7,14.5,14.5,14.5,14.5,15.9,14.6,9.9,7.3,8.9,10,14.1,16.7,18.9,12.5,14,15.5,17.1,14.6,15.3,12.8,12.7,13.8,16.3,17.4,15.2,15.2,16.2,14.9,13.7,13.7,14.9,14.9,14.8,14.8,14.6,14.6,13.5,12.4,11.1,12.3,15.1,15.1,15.1,16.3,17.5,17,15.7,15.7,15.7,16.9,15.6,15.6,13.3,14.7,16.2,16.2,13.9,15.1,15.1,13.9,12.8,14.2,15.7,15.7,15.7,15.8,15.8,15.8,17.1,15.8,15.8,15.8,17.1,14.8,13.3,14.4,15.6,16.7,16.7,16.7,16.8,15.7,15.7,17,17,13.3,13.3,13.3,13.3,14.4,14.4,14.4,14.4,14.4,14.4,14.4,14.4,13,13,13,13,14.2,14.2,14.2,14.2,14.2,14.2,14.2,14.2,14.2,14.2,14.2,14.2,14.2,14.2,14.2,14.2,13.1,13.1,14.2,14.2,14.2,15.3,15.3,14.1,15.3,15.3,14.2,14.2,14.2,14.2,14.2,14.2,15.5,15.5,15.5,14.4,14.4,13.3,13.3,14.7,14.7,12.1,13.2,14.6,13.4,10.6,12.1,13.2,14.3,14.3,14.3,12.8,12.8,12.8,12.8,11.5,13.9,12.9,12.8,12.8,11.4,11.4,11.4,12.7,12.7,12.7,12.7,11.5,11.5,11.5,11.5,14,12,11.6,12,10.3,11.8,11.8,11.8,15.6,14.5,14.5,16,16,13.2,10.8,10.8,13.1,13.1,14.2,14.2,14.2,14.2,15.7,15.7,14.5,11.9,10.5,10.5,12.8,14.1,15.5,15.5,14.3,14.3,14.3,15.4,15.4,14.4,13.3,13.3,12,12,13.7,13.7,13.7,13.7,13.5,
